,经济,流动性,CPI,PPI,信用
沪深300,-0.02447831129214934,0.0392059095972143,-0.22535475273051636,-0.22954692265342402,-0.10889993183339401
中证500,0.05815402129339473,0.15754993824922792,-0.20188113785693038,-0.4500667828782099,-0.25331339235569744
中证1000,0.09104807792855021,0.14790844390322402,-0.15399818338191693,-0.5810940819427217,-0.3255950162619177
标普500,0.4822715396291521,0.6865477741542204,0.024755194334703946,0.3285082475114683,0.3143756840564096
信用债,-0.3396515448228018,-0.579752388473235,-0.030814243973967776,-0.5732227437120728,-0.518196371208423
利率债,-0.3373618328836582,-0.39664963475399123,0.00372131251554693,-0.5157061586532373,-0.696028169884419
黄金,-0.5895883858860206,-0.7652311142145731,0.20365788117951295,0.1298051585589712,0.10080996398066484
商品,-0.08084664062243617,-0.08891370251269344,0.06307693676055517,0.42707854354898195,0.2346398173317246
