,经济,流动性,CPI,PPI,信用
沪深300,-0.0008577180562649187,0.0013737719147564641,-0.007896412386260973,-0.008043305682734484,-0.003815844840958361
中证500,0.0017801359359115464,0.004822715618635147,-0.006179725155526836,-0.01377686419516101,-0.007754103031070289
中证1000,0.0024921384177718615,0.004048501887687772,-0.00421518825882657,-0.01590551847877308,-0.00891208103589123
标普500,0.057436316763729525,0.08176467444062219,0.0029482295066573555,0.0391238176278769,0.03744069448129346
信用债,-0.059952219254329274,-0.10233264896557918,-0.005439051695900576,-0.101180095119318,-0.09146733744341726
利率债,-0.23784690881400722,-0.27964600708396187,0.0026236005151743084,-0.363583262052997,-0.49071392350293014
黄金,-0.036872718099606454,-0.04785737275519612,0.012736715683790709,0.008117983891807777,0.006304631285951303
商品,-0.005700535737919223,-0.006269348174049757,0.0044475853229482085,0.030113514694682698,0.016544567021466783
