,经济,流动性,CPI,PPI,信用
沪深300,0.04729996318735603,0.051337071042208936,-2.439193804217078,-0.3014351770383877,-0.23005975681730736
中证500,0.1271892092308646,0.1044961699879869,-2.2437253917152336,-0.3466881130542045,-0.24647508777129307
中证1000,0.11977591923521871,0.09576582581318707,-1.8923843717325155,-0.3381175067782128,-0.23972926618976503
标普500,1.6284353929851259,1.2159726354953262,-1.1276054704220826,0.7391970042667831,1.203003123479454
信用债,-2.103300527426385,-1.5330570258811393,-3.6307555735820056,-2.0561434932899973,-2.8274344140982124
利率债,-7.501165346239514,-5.416377687557921,-16.111205428022096,-8.47704053813543,-12.10958477419998
黄金,-1.0088753077831556,-0.690185435936681,1.813522236518791,0.07605698657733735,0.11143728056101945
商品,-0.3379522572312452,-0.15720775245705093,3.4055928201638657,0.7966158659192679,0.4820765102619515
