,经济,流动性,CPI,PPI,信用
沪深300,1.1394292291450281e-05,4.203357998358493e-06,-4.7296052833540125e-06,-8.198790953592189e-06,9.965568465793037e-06
中证500,1.1190224709778552e-05,4.623480658539043e-06,-2.468575630772894e-06,-1.3656656280509654e-05,6.759669842251531e-06
中证1000,7.236253945590284e-06,3.1504585120160526e-06,-8.54888310122148e-07,-1.4779118352111628e-05,5.125612229159414e-06
标普500,6.324150702697752e-05,4.156836508130559e-06,-5.469934539521152e-05,2.9407326070598285e-05,-3.6111313134573935e-05
信用债,-0.00011402891884231747,-6.126532281002187e-05,-1.6048031316476084e-05,-8.877411671527065e-05,-5.014550979774725e-05
利率债,-0.00038934159751048176,-7.480784258485592e-05,0.00022303563403124852,-0.0002752522303996126,-0.00027843392464600486
黄金,-2.7435113607496228e-05,-3.2805961608353995e-05,-3.876412689620464e-05,-1.3316800894532355e-05,2.5505171905441885e-05
商品,5.704178058674842e-06,5.02810923299641e-06,2.33060702280341e-05,3.590162235638255e-05,3.047521328045769e-06
