,经济增长,流动性,CPI,PPI,信用
沪深300,-0.06570830662159308,0.08956073230335147,-0.14586788221828034,-0.12653415102759386,0.01551627446271028
中证500,-0.026502792007940628,0.024774260737945614,0.0677223173570517,-0.16446880115080578,0.0070219914244088345
中证1000,-0.05610662346544371,0.06035901039128256,0.29055922395155803,-0.21431175215731954,-0.0018497578408471097
标普500,0.13495942022546675,-0.040819609263481424,-0.48416237543705865,-0.05929472911988176,0.002535092454439623
信用债,-0.022172400219756597,-0.1687295228535819,-0.0439099179282986,-0.011118463505324838,-0.009588908694410087
利率债,-0.004851316475124791,0.04391827609309987,0.020953803532025788,0.0006289619889418515,-0.003512400179442942
黄金,-0.12474280758607936,-1.8045836144077323,-0.15311332864416327,-0.04811607353558832,-0.00164513444512127
商品,0.012315573765648308,-0.07133375344291637,0.32819442680759975,0.03438911793960514,0.02244441566876547
