,经济增长,流动性,CPI,PPI,信用
沪深300,-0.04247242139555888,0.00893479228632654,-0.026659401451082827,-0.08511544663001142,0.05781581916613031
中证500,-0.01515632692810343,0.0021866693560913556,0.010950605096083739,-0.09788130337654943,0.023149153523211636
中证1000,-0.028021440206888248,0.004652629913426685,0.04103126976471313,-0.11138743084508065,-0.005325540360257602
标普500,0.1354882127070084,-0.006324806328693702,-0.13743372497630088,-0.061948141250924994,0.014671164836146862
信用债,-0.0801979387998073,-0.09419365606748736,-0.044907315397422175,-0.04185131927937606,-0.19993653653386698
利率债,-0.06356625741154567,0.08881624306763902,0.0776307664034346,0.008576405684298995,-0.2653038242759458
黄金,-0.12499826972600812,-0.2790908349665731,-0.043381589007633135,-0.050175596877451836,-0.009503035824500858
商品,0.008452103673005081,-0.0075558846697200656,0.06368620025691825,0.024560945578389046,0.08879549914398431
