,经济,流动性,CPI,PPI,信用
沪深300,0.005064769231299171,0.012259873982237601,0.8255796684368153,0.27900112376041886,0.12576907858616249
中证500,0.04798637649059723,0.06655856405333482,0.9153456967067136,0.48358782233363296,0.18915507256836783
中证1000,0.053223143834710274,0.06991468263379963,0.8143451619630749,0.5752767812640427,0.223798989287464
标普500,0.5196553757040642,0.5953985011691961,0.015272742256678407,0.14523616933993233,0.29768871957312903
信用债,0.39466042308484206,0.43084723550126536,0.07208472683171174,0.511573201440857,0.7486184129567224
利率债,0.3146433842557139,0.3371046813135553,0.08897039398968731,0.5450416345320255,0.8607442711619412
黄金,0.7233138390641691,0.6956153319609822,0.14326030614001362,0.005575836732620965,0.009263333699187748
商品,0.0638509804114803,0.028391645259055354,0.39743913244897267,0.48121017496085783,0.13637768617580226
