,经济,流动性,CPI,PPI,信用
沪深300,0.0005991877237152554,0.0015371033473449147,0.05078476457823222,0.052691789699657154,0.011859195153317792
中证500,0.003381890192592496,0.024821983042335627,0.04075599382240891,0.2025601090503416,0.06416767474675156
中证1000,0.008289752494483382,0.02187690777787299,0.023715440484930683,0.33767033206885433,0.10601211461459836
标普500,0.23258583793627285,0.4713478461961146,0.0006128196465492453,0.10791766868305608,0.09883207072593558
信用债,0.1153631719005157,0.3361128319404205,0.0009495176316871579,0.3285843139087965,0.26852747913357744
利率债,0.11381300628662139,0.15733093275047472,1.3848166838470455e-05,0.26595284207287795,0.4844552132726533
黄金,0.347614464771683,0.5855786581620769,0.04147653256652839,0.016849379188519586,0.010162648837782617
商品,0.006536179299933442,0.00790564649451575,0.0039786999510951215,0.18239608235991944,0.055055843877465094
